{
    "Dataset": "sephora",
    "Model": "svm",
    "Params": {
        "C": 85.68869785189007,
        "gamma": 0.0025135566617708314,
        "kernel": "linear"
    },
    "Accuracy": 0.8444913020558777,
    "Precision": 0.8450479233226837,
    "Recall": 0.9974858579509742,
    "F1 Score": 0.9149610838858461
}